model_id,author,task,library,params_b,license,base_model,languages,created_at,first_seen,likes,downloads,url
mlemmlem4869/medical-title-qwen3-4b-chat-v1,mlemmlem4869,text-generation,peft,,,Qwen/Qwen3-4B,de en es fr id ja ko lo ms my pt ru ta th tl vi zh,2026-10-03,2026-10-04,0,0,https://huggingface.co/mlemmlem4869/medical-title-qwen3-4b-chat-v1
dalatexcoder/Mux-LFM2.5-2.6B-Absolute-Heresy-MLX-5Bit,dalatexcoder,text-generation,mlx,2.70,other,MuXodious/LFM2.5-2.6B-absolute-heresy,ar zh en fr de hi id it ja ko pl pt ru es th vi,2026-10-03,2026-10-03,0,0,https://huggingface.co/dalatexcoder/Mux-LFM2.5-2.6B-Absolute-Heresy-MLX-5Bit
RakaDev2012/Alvaro-1.0-MAX,RakaDev2012,gguf,,,apache-2.0,Qwen/Qwen3-8B,id en,2026-10-03,2026-10-03,0,0,https://huggingface.co/RakaDev2012/Alvaro-1.0-MAX
tstepspam/Mistral-Small-3.1-24B-Base-2503-Q8-MLX,tstepspam,text-generation,mlx,23.57,apache-2.0,mistralai/Mistral-Small-3.1-24B-Base-2503,en fr de es pt it ja ko ru zh ar fa id ms ne pl ro sr sv tr uk vi hi bn,2026-10-02,2026-10-03,0,203,https://huggingface.co/tstepspam/Mistral-Small-3.1-24B-Base-2503-Q8-MLX
AneekC/quipu-moe-1B-A149M-chat,AneekC,text-generation,pytorch,1.00,apache-2.0,,en id ms zh ja ko ta hi ur,2026-10-02,2026-10-03,0,81,https://huggingface.co/AneekC/quipu-moe-1B-A149M-chat
AneekC/quipu-moe-1B-A149M,AneekC,text-generation,pytorch,1.00,apache-2.0,,en id ms zh ja ko ta hi ur,2026-10-02,2026-10-03,0,81,https://huggingface.co/AneekC/quipu-moe-1B-A149M
Adit2K/NOESIS-Qwen3-Forced-Aligner-0.6B-112LANG-gguf,Adit2K,gguf,,,apache-2.0,AMAImedia/NOESIS-Qwen3-Forced-Aligner-0.6B-112LANG-BF16,af am ar as az be bg bn bs ca cs cy da de el en es et eu fa ff fi fr ga gl gn gu ha he hi hr hu hy id ig is it ja jv ka kk km kn ko ky lb lg ln lo lt lv mi mk ml mn mr ms mt my ne nl no ny oc om or pa pl ps pt ro ru rw sd sk sl sn so sr sv sw ta te tg th ti tk tr ug uk ur uz vi wo xh yo zh zu,2026-10-02,2026-10-03,0,100,https://huggingface.co/Adit2K/NOESIS-Qwen3-Forced-Aligner-0.6B-112LANG-gguf
alekringtonnn-ai/zubr-tiny-2b,alekringtonnn-ai,text-generation,,,apache-2.0,Qwen/Qwen3.5-2B,zh en ru fr es pt de be it ja ko vi th ar id ms tl nl pl uk tr hi fa uz kk ur bn ta te,2026-10-01,2026-10-03,1,457,https://huggingface.co/alekringtonnn-ai/zubr-tiny-2b
tstepspam/Mistral-Small-3.1-24B-Base-2503-Q4-MLX,tstepspam,text-generation,mlx,23.57,apache-2.0,mistralai/Mistral-Small-3.1-24B-Base-2503,en fr de es pt it ja ko ru zh ar fa id ms ne pl ro sr sv tr uk vi hi bn,2026-09-25,2026-10-03,0,189,https://huggingface.co/tstepspam/Mistral-Small-3.1-24B-Base-2503-Q4-MLX
kodetr/chatnusa,kodetr,text-generation,peft,,apache-2.0,unsloth/Qwen2.5-3B-Instruct-unsloth-bnb-4bit,id,2026-10-02,2026-10-02,0,22,https://huggingface.co/kodetr/chatnusa
abdur-rahman97/Dahono-4B,abdur-rahman97,image-text-to-text,transformers,4.66,apache-2.0,Qwen/Qwen3.5-4B-Base,id,2026-10-02,2026-10-02,0,38,https://huggingface.co/abdur-rahman97/Dahono-4B
Kicaulah/polyglot-bughunter-x,Kicaulah,text-generation,transformers,,mit,,en zh ja ko id es ar ru de fr pt hi,2026-10-02,2026-10-02,0,326,https://huggingface.co/Kicaulah/polyglot-bughunter-x
DavidAU/LFM2.5-8B-A1B-Qwen3.8-Turbo-Brilliance-Power-X12-NEO-MAX-GGUF,DavidAU,text-generation,,,apache-2.0,LiquidAI/LFM2.5-8B-A1B,ar zh en fr de hi id it ja ko pl pt ru es th vi,2026-10-02,2026-10-02,5,1450,https://huggingface.co/DavidAU/LFM2.5-8B-A1B-Qwen3.8-Turbo-Brilliance-Power-X12-NEO-MAX-GGUF
zadaniamm/qwen-2.5-7b-mai-friend-lora,zadaniamm,text-generation,peft,,mit,Qwen/Qwen2.5-7B-Instruct,id,2026-10-01,2026-10-02,0,15,https://huggingface.co/zadaniamm/qwen-2.5-7b-mai-friend-lora
zadaniamm/qwen-2.5-7b-mai-friend-Q4_K_M-GGUF,zadaniamm,text-generation,,,mit,zadaniamm/qwen-2.5-7b-mai-friend-merged-bf16,id,2026-10-01,2026-10-02,0,67,https://huggingface.co/zadaniamm/qwen-2.5-7b-mai-friend-Q4_K_M-GGUF
zadaniamm/qwen-2.5-7b-mai-friend-IQ4_NL-GGUF,zadaniamm,text-generation,peft,,mit,zadaniamm/qwen-2.5-7b-mai-friend-merged-bf16,id,2026-10-01,2026-10-02,0,167,https://huggingface.co/zadaniamm/qwen-2.5-7b-mai-friend-IQ4_NL-GGUF
xvevx/Stheno-v3.3-Indo-Companion,xvevx,gguf,,,apache-2.0,Sao10K/L3-8B-Stheno-v3.3-32K,id,2026-10-01,2026-10-02,0,221,https://huggingface.co/xvevx/Stheno-v3.3-Indo-Companion
mradermacher/qwen-2.5-7b-mai-friend-merged-bf16-GGUF,mradermacher,gguf,transformers,,mit,zadaniamm/qwen-2.5-7b-mai-friend-merged-bf16,id,2026-10-01,2026-10-02,0,371,https://huggingface.co/mradermacher/qwen-2.5-7b-mai-friend-merged-bf16-GGUF
zadaniamm/qwen-2.5-7b-mai-friend-merged-bf16,zadaniamm,text-generation,peft,7.62,mit,Qwen/Qwen2.5-7B-Instruct,id,2026-09-23,2026-10-02,0,0,https://huggingface.co/zadaniamm/qwen-2.5-7b-mai-friend-merged-bf16
zadaniamm/qwen-2.5-7b-mai-friend-awq-int4,zadaniamm,text-generation,,7.62,apache-2.0,Qwen/Qwen2.5-7B-Instruct,id,2026-09-23,2026-10-02,0,11,https://huggingface.co/zadaniamm/qwen-2.5-7b-mai-friend-awq-int4
mradermacher/Vectorite-Flash-1.7B-GGUF,mradermacher,gguf,transformers,,apache-2.0,Sup2Doggie/Vectorite-Flash-1.7B,id en,2026-09-30,2026-10-01,0,391,https://huggingface.co/mradermacher/Vectorite-Flash-1.7B-GGUF
berkerdooo/gemma-4-e2b-receipt-json,berkerdooo,image-text-to-text,peft,,apache-2.0,google/gemma-4-E2B-it,id en,2026-09-30,2026-10-01,0,6,https://huggingface.co/berkerdooo/gemma-4-e2b-receipt-json
amphora/L16-1.2B-400B,amphora,text-generation,transformers,1.16,,,ru es zh id ko ja tr fa de hu ar vi fi el th hi,2026-09-30,2026-10-01,0,368,https://huggingface.co/amphora/L16-1.2B-400B
Sup2Doggie/Vectorite-Flash-1.7B-GGUF,Sup2Doggie,gguf,,,apache-2.0,Qwen/Qwen3-1.7B,id en,2026-09-30,2026-10-01,0,79,https://huggingface.co/Sup2Doggie/Vectorite-Flash-1.7B-GGUF
Sup2Doggie/Vectorite-Flash-1.7B,Sup2Doggie,,,1.72,apache-2.0,Qwen/Qwen3-1.7B,id en,2026-09-30,2026-10-01,0,45,https://huggingface.co/Sup2Doggie/Vectorite-Flash-1.7B
Kicaulah/chameleon-agent,Kicaulah,text-generation,transformers,,apache-2.0,deepseek-ai/DeepSeek-R1,en id,2026-09-30,2026-10-01,0,102,https://huggingface.co/Kicaulah/chameleon-agent
AMAImedia/Naive-N0.5-Flash-Mixed-Quant-GGUF,AMAImedia,text-generation,gguf,,mit,Baekpica/Naive-N0.5-Flash-Mixed-Quant-GGUF,en ru kk zh ja vi af am ar as az be bg bn bs ca cs cy da de el es et eu fa ff fi fr ga gl gn gu ha he hi hr hu hy id ig is it jv ka km kn ko ky lb lg ln lo lt lv mi mk ml mn mr ms mt my ne nl no ny oc om or pa pl ps pt ro rw sd sk sl sn so sr sv sw ta te tg th ti tk tr ug uk ur uz wo xh yo zu,2026-09-30,2026-10-01,0,241,https://huggingface.co/AMAImedia/Naive-N0.5-Flash-Mixed-Quant-GGUF
AMAImedia/MiMo-V2.6-Flash-MOPD-BPW2.5-GGUF,AMAImedia,image-text-to-text,gguf,,mit,AesSedai/MiMo-V2.6-Flash-MOPD-GGUF,en ru kk zh ja vi af am ar as az be bg bn bs ca cs cy da de el es et eu fa ff fi fr ga gl gn gu ha he hi hr hu hy id ig is it jv ka km kn ko ky lb lg ln lo lt lv mi mk ml mn mr ms mt my ne nl no ny oc om or pa pl ps pt ro rw sd sk sl sn so sr sv sw ta te tg th ti tk tr ug uk ur uz wo xh yo zu,2026-09-30,2026-10-01,1,179,https://huggingface.co/AMAImedia/MiMo-V2.6-Flash-MOPD-BPW2.5-GGUF
DavidAU/Qwen3.8-27B-Turbo-Brilliance-Power-35X-Reasoning-Instruct-modes-GGUF,DavidAU,image-text-to-text,,,apache-2.0,Qwen/Qwen3.8-27B,ar zh en fr de hi id it ja ko pl pt ru es th vi,2026-09-29,2026-10-01,42,0,https://huggingface.co/DavidAU/Qwen3.8-27B-Turbo-Brilliance-Power-35X-Reasoning-Instruct-modes-GGUF
Tiranyx/migancore-0.14,Tiranyx,text-generation,,,apache-2.0,Qwen/Qwen3-4B-Instruct-2507,id en,2026-09-28,2026-10-01,0,28,https://huggingface.co/Tiranyx/migancore-0.14
Abu-Dju/Marco-Mini-Instruct,Abu-Dju,text-generation,transformers,17.25,apache-2.0,,en zh ar de es fr ko ja pt tr id it nl pl ru vi th he uk ms bn cs ur kk el ro hu ne az,2026-09-28,2026-10-01,0,297,https://huggingface.co/Abu-Dju/Marco-Mini-Instruct
mradermacher/LaguQA-MiniCPM5-2B-GGUF,mradermacher,gguf,transformers,,apache-2.0,IRedDragonICY/LaguQA-MiniCPM5-2B,id,2026-09-27,2026-10-01,0,358,https://huggingface.co/mradermacher/LaguQA-MiniCPM5-2B-GGUF
mradermacher/LaguQA-Gemma4-E2B-GGUF,mradermacher,gguf,transformers,,apache-2.0,IRedDragonICY/LaguQA-Gemma4-E2B,id,2026-09-27,2026-10-01,1,1143,https://huggingface.co/mradermacher/LaguQA-Gemma4-E2B-GGUF
IRedDragonICY/LaguQA-MiniCPM5-2B-LoRA,IRedDragonICY,text-generation,peft,,apache-2.0,openbmb/MiniCPM5-2B,id,2026-09-27,2026-10-01,0,12,https://huggingface.co/IRedDragonICY/LaguQA-MiniCPM5-2B-LoRA
IRedDragonICY/LaguQA-MiniCPM5-2B,IRedDragonICY,text-generation,transformers,2.52,apache-2.0,openbmb/MiniCPM5-2B,id,2026-09-27,2026-10-01,0,402,https://huggingface.co/IRedDragonICY/LaguQA-MiniCPM5-2B
IRedDragonICY/LaguQA-Gemma4-E2B-LoRA,IRedDragonICY,text-generation,peft,,apache-2.0,google/gemma-4-E2B-it,id,2026-09-27,2026-10-01,0,12,https://huggingface.co/IRedDragonICY/LaguQA-Gemma4-E2B-LoRA
atakankutalp/LFM2.5-2.6B-heretic-GGUF,atakankutalp,text-generation,gguf,,other,atakankutalp/LFM2.5-2.6B-heretic,ar zh en fr de hi id it ja ko pl pt ru es th vi,2026-09-26,2026-10-01,0,318,https://huggingface.co/atakankutalp/LFM2.5-2.6B-heretic-GGUF
atakankutalp/LFM2.5-2.6B-MLX-heretic,atakankutalp,text-generation,mlx,,other,LiquidAI/LFM2.5-2.6B,ar zh en fr de hi id it ja ko pl pt ru es th vi,2026-09-26,2026-10-01,0,0,https://huggingface.co/atakankutalp/LFM2.5-2.6B-MLX-heretic
Dawgggggg/fina-30m-v0.1,Dawgggggg,text-generation,,0.03,cc-by-nc-4.0,,id,2026-09-26,2026-10-01,0,218,https://huggingface.co/Dawgggggg/fina-30m-v0.1
mhm23efx/Qwen2.5-7B-Q4_K_M-GGUF,mhm23efx,text-generation,gguf,,apache-2.0,Qwen/Qwen2.5-7B-Instruct,en id,2026-09-25,2026-10-01,0,100,https://huggingface.co/mhm23efx/Qwen2.5-7B-Q4_K_M-GGUF
atakankutalp/LFM2.5-2.6B-heretic,atakankutalp,text-generation,transformers,2.70,other,LiquidAI/LFM2.5-2.6B,ar zh en fr de hi id it ja ko pl pt ru es th vi,2026-09-25,2026-10-01,0,1534,https://huggingface.co/atakankutalp/LFM2.5-2.6B-heretic
nakanokazuha/Yume-Qwen3.5-4B-LoRA,nakanokazuha,text-generation,peft,,other,knoveleng/Qwen3.5-4B-Uncensored,id en,2026-09-23,2026-10-01,0,20,https://huggingface.co/nakanokazuha/Yume-Qwen3.5-4B-LoRA
nakanokazuha/Yume-Qwen3.5-4B-GGUF,nakanokazuha,text-generation,,,other,knoveleng/Qwen3.5-4B-Uncensored,id en,2026-09-23,2026-10-01,1,61,https://huggingface.co/nakanokazuha/Yume-Qwen3.5-4B-GGUF
inboxpraveen/Kavach-PII-270M-GGUF,inboxpraveen,text-generation,gguf,,gemma,inboxpraveen/Kavach-PII-270M,en hi ta te bn mr gu kn ml pa ur ar zh ja ko ru tr vi id es fr de it pt nl pl,2026-09-23,2026-10-01,2,901,https://huggingface.co/inboxpraveen/Kavach-PII-270M-GGUF
inboxpraveen/Kavach-PII-270M,inboxpraveen,text-generation,transformers,0.27,gemma,google/gemma-3-270m-it,en hi ta te bn mr gu kn ml pa ur ar zh ja ko ru tr vi id es fr de it pt nl pl,2026-09-23,2026-10-01,1,820,https://huggingface.co/inboxpraveen/Kavach-PII-270M
eakeakxandro/Lucky-Paud-13M-indonesia,eakeakxandro,text-generation,,,mit,,id,2026-09-23,2026-10-01,0,0,https://huggingface.co/eakeakxandro/Lucky-Paud-13M-indonesia
nwtgck/LFM2.5-2.6B-GGUF,nwtgck,text-generation,gguf,,other,LiquidAI/LFM2.5-2.6B,ar zh en fr de hi id it ja ko pl pt ru es th vi,2026-09-22,2026-10-01,0,218,https://huggingface.co/nwtgck/LFM2.5-2.6B-GGUF
Meddies/meddies-title-v1-onnx,Meddies,text-generation,onnx,,other,LiquidAI/LFM2.5-230M,de en es fr id ja ko lo ms my pt ru ta th vi zh,2026-09-22,2026-10-01,0,9,https://huggingface.co/Meddies/meddies-title-v1-onnx
blaj/LFM2.5-2.6B-heretic-int8-ov,blaj,text-generation,openvino,,other,LiquidAI/LFM2.5-2.6B,en ar zh fr de hi id it ja ko pl pt ru es th vi,2026-09-20,2026-10-01,0,107,https://huggingface.co/blaj/LFM2.5-2.6B-heretic-int8-ov
blaj/LFM2.5-2.6B-heretic-int4-ov,blaj,text-generation,openvino,,other,LiquidAI/LFM2.5-2.6B,en ar zh fr de hi id it ja ko pl pt ru es th vi,2026-09-20,2026-10-01,0,123,https://huggingface.co/blaj/LFM2.5-2.6B-heretic-int4-ov
sriq-ai/sriq-MiniCPM5-2B-v1.5,sriq-ai,text-generation,transformers,2.52,apache-2.0,openbmb/MiniCPM5-2B,en zh ar bn cs nl fr de el he hi id it ja ko fa pl pt ro ru es sw sv ta th tr uk ur vi,2026-09-19,2026-10-01,0,471,https://huggingface.co/sriq-ai/sriq-MiniCPM5-2B-v1.5
Tilakoid/qwen3.5-0.8b-hoasa-lora,Tilakoid,text-generation,peft,,apache-2.0,Qwen/Qwen3.5-0.8B,id,2026-09-19,2026-10-01,0,24,https://huggingface.co/Tilakoid/qwen3.5-0.8b-hoasa-lora
mradermacher/WaifuGemma4-26b-a4b-v1-i1-GGUF,mradermacher,gguf,transformers,,apache-2.0,hiwaifu-research/WaifuGemma4-26b-a4b-v1,en es ru pt id ar th fr de uk vi ja ko zh tr it pl,2026-09-18,2026-10-01,1,5215,https://huggingface.co/mradermacher/WaifuGemma4-26b-a4b-v1-i1-GGUF
mradermacher/WaifuGemma4-26b-a4b-v1-GGUF,mradermacher,gguf,transformers,,apache-2.0,hiwaifu-research/WaifuGemma4-26b-a4b-v1,en es ru pt id ar th fr de uk vi ja ko zh tr it pl,2026-09-18,2026-10-01,1,2186,https://huggingface.co/mradermacher/WaifuGemma4-26b-a4b-v1-GGUF
hiwaifu-research/WaifuGemma4-26b-a4b-v1-i1-GGUF,hiwaifu-research,text-generation,transformers,,apache-2.0,hiwaifu-research/WaifuGemma4-26b-a4b-v1,en es ru pt id ar th fr,2026-09-18,2026-10-01,5,6680,https://huggingface.co/hiwaifu-research/WaifuGemma4-26b-a4b-v1-i1-GGUF
hiwaifu-research/WaifuGemma4-26b-a4b-v1-GGUF,hiwaifu-research,text-generation,transformers,,apache-2.0,hiwaifu-research/WaifuGemma4-26b-a4b-v1,en es ru pt id ar th fr,2026-09-18,2026-10-01,2,1253,https://huggingface.co/hiwaifu-research/WaifuGemma4-26b-a4b-v1-GGUF
hiwaifu-research/WaifuGemma4-26b-a4b-v1,hiwaifu-research,text-generation,transformers,25.81,apache-2.0,google/gemma-4-26B-A4B-it,en es ru pt id ar th fr de uk vi ja ko zh tr it pl,2026-09-18,2026-10-01,23,1472,https://huggingface.co/hiwaifu-research/WaifuGemma4-26b-a4b-v1
cronopioelectronico/Mistral-Small-3.2-24B-Instruct-2506-unsloth-bnb-4bit,cronopioelectronico,image-text-to-text,vllm,24.01,apache-2.0,mistralai/Mistral-Small-3.2-24B-Instruct-2506,en fr de es pt it ja ko ru zh ar fa id ms ne pl ro sr sv tr uk vi hi bn,2026-09-18,2026-10-01,0,22,https://huggingface.co/cronopioelectronico/Mistral-Small-3.2-24B-Instruct-2506-unsloth-bnb-4bit
MDWT/qwen2.5-0.5b-legal-alpaca-id,MDWT,text-generation,,0.49,apache-2.0,Qwen/Qwen2.5-0.5B-Instruct,id,2026-09-18,2026-10-01,0,193,https://huggingface.co/MDWT/qwen2.5-0.5b-legal-alpaca-id
Rislantrs/telecom-troubleshooter-qwen2.5-7b-balanced-lora,Rislantrs,text-generation,,,apache-2.0,Qwen/Qwen2.5-7B-Instruct,id,2026-09-17,2026-10-01,0,0,https://huggingface.co/Rislantrs/telecom-troubleshooter-qwen2.5-7b-balanced-lora
DavidAU/LFM2.5-2.6B-Qwen3.8-Turbo-Brilliance-Power-X12-NEO-MAX-GGUF,DavidAU,text-generation,,,apache-2.0,LiquidAI/LFM2.5-2.6B,ar zh en fr de hi id it ja ko pl pt ru es th vi,2026-09-17,2026-10-01,131,19351,https://huggingface.co/DavidAU/LFM2.5-2.6B-Qwen3.8-Turbo-Brilliance-Power-X12-NEO-MAX-GGUF
AMAImedia/Qwen3.6-35B-A3B-occamy-1.0-BF16-GGUF-MTP,AMAImedia,image-text-to-text,transformers,35.11,apache-2.0,Accio-Lab/occamy-1.0,en ru zh vi kk ja af am ar as az be bg bn bs ca cs cy da de el es et eu fa ff fi fr ga gl gn gu ha he hi hr hu hy id ig is it jv ka km kn ko ky lb lg ln lo lt lv mi mk ml mn mr ms mt my ne nl no ny oc om or pa pl ps pt ro rw sd sk sl sn so sr sv sw ta te tg th ti tk tr ug uk ur uz wo xh yo zu,2026-09-17,2026-10-01,1,1859,https://huggingface.co/AMAImedia/Qwen3.6-35B-A3B-occamy-1.0-BF16-GGUF-MTP
ruwwww/faruq-alignment-models,ruwwww,text-generation,,,apache-2.0,GoToCompany/gemma2-9b-cpt-sahabatai-v1-instruct,id,2026-09-16,2026-10-01,1,0,https://huggingface.co/ruwwww/faruq-alignment-models
monotykamary/LFM2.5-2.6B-RLCD,monotykamary,text-generation,transformers,2.70,other,LiquidAI/LFM2.5-2.6B,ar zh en fr de hi id it ja ko pl pt ru es th vi,2026-09-16,2026-10-01,7,749,https://huggingface.co/monotykamary/LFM2.5-2.6B-RLCD
mazenDDr/receipt-vlm-qwen2.5-vl-3b-awq,mazenDDr,image-text-to-text,transformers,3.75,apache-2.0,Qwen/Qwen2.5-VL-3B-Instruct,en id,2026-09-16,2026-10-01,0,31,https://huggingface.co/mazenDDr/receipt-vlm-qwen2.5-vl-3b-awq
mazenDDr/receipt-vlm-qwen2.5-vl-3b-GGUF,mazenDDr,image-text-to-text,gguf,,apache-2.0,Qwen/Qwen2.5-VL-3B-Instruct,en id,2026-09-16,2026-10-01,0,156,https://huggingface.co/mazenDDr/receipt-vlm-qwen2.5-vl-3b-GGUF
aisingapore/Nemotron-SEA-LION-v4.8-30B-A3B-GGUF,aisingapore,text-generation,transformers,,mit,aisingapore/Nemotron-SEA-LION-v4.8-30B-A3B,en vi id th ta ms my,2026-09-16,2026-10-01,0,222,https://huggingface.co/aisingapore/Nemotron-SEA-LION-v4.8-30B-A3B-GGUF
aisingapore/Nemotron-SEA-LION-v4.8-120B-A12B-GGUF,aisingapore,text-generation,transformers,,mit,aisingapore/Nemotron-SEA-LION-v4.8-120B-A12B,en vi id th ta ms my,2026-09-16,2026-10-01,0,372,https://huggingface.co/aisingapore/Nemotron-SEA-LION-v4.8-120B-A12B-GGUF
Rislantrs/telecom-troubleshooter-qwen2.5-3b-balanced-lora,Rislantrs,text-generation,,,apache-2.0,Qwen/Qwen2.5-3B-Instruct,id,2026-09-16,2026-10-01,0,0,https://huggingface.co/Rislantrs/telecom-troubleshooter-qwen2.5-3b-balanced-lora
CH3NDev/dual-loop-qwen3.5-2b,CH3NDev,text-generation,transformers,,mit,Qwen/Qwen3.5-2B,en id,2026-09-16,2026-10-01,1,0,https://huggingface.co/CH3NDev/dual-loop-qwen3.5-2b
Aya168/aya-expanse-8b-tofu-13lang-v3,Aya168,text-generation,transformers,8.03,cc-by-nc-4.0,CohereLabs/aya-expanse-8b,en fr ar fa he id ja ko ru hi,2026-09-16,2026-10-01,1,905,https://huggingface.co/Aya168/aya-expanse-8b-tofu-13lang-v3
gradients-io-tournaments/tournament-tourn_5c64e784a087074a_20260914-90d361cb-0b97-464a-9fda-36eb34c99261-5HBgDWKx,gradients-io-tournaments,text-generation,transformers,2.70,other,LiquidAI/LFM2.5-2.6B,ar zh en fr de hi id it ja ko pl pt ru es th vi,2026-09-15,2026-10-01,0,373,https://huggingface.co/gradients-io-tournaments/tournament-tourn_5c64e784a087074a_20260914-90d361cb-0b97-464a-9fda-36eb34c99261-5HBgDWKx
aoiandroid/LFM2.5-2.6B,aoiandroid,text-generation,transformers,2.70,other,LiquidAI/LFM2.5-2.6B-Base,ar zh en fr de hi id it ja ko pl pt ru es th vi,2026-09-15,2026-10-01,0,383,https://huggingface.co/aoiandroid/LFM2.5-2.6B
suzuvoice/LMT-60-0.6B-mlx-8bit,suzuvoice,text-generation,mlx,0.60,apache-2.0,NiuTrans/LMT-60-0.6B,en zh ar es de fr it ja nl pl pt ru tr bg bn cs da el fa fi hi hu id ko nb ro sk sv th uk vi am az bo he hr hy is jv ka kk km ky lo mr ms my ne ps si sw ta te tg tl ug ur uz,2026-09-14,2026-10-01,0,49,https://huggingface.co/suzuvoice/LMT-60-0.6B-mlx-8bit
aidsoid/Hy-MT2-1.8B-MLX-4bit,aidsoid,text-generation,mlx,1.79,apache-2.0,tencent/Hy-MT2-1.8B,zh en fr pt es ja tr ru ar ko th it de vi ms id tl hi pl cs nl km my fa gu ur te mr he bn ta uk bo kk mn ug,2026-09-14,2026-10-01,2,371,https://huggingface.co/aidsoid/Hy-MT2-1.8B-MLX-4bit
Kempis/qwen-2.5-1.5b-instruct-Sarcasm-LoRA,Kempis,,transformers,,apache-2.0,unsloth/Qwen2.5-1.5B-Instruct-bnb-4bit,id en,2026-09-14,2026-10-01,1,0,https://huggingface.co/Kempis/qwen-2.5-1.5b-instruct-Sarcasm-LoRA
DahonoLabs/Dahono-4B,DahonoLabs,image-text-to-text,transformers,4.66,apache-2.0,Qwen/Qwen3.5-4B-Base,id,2026-09-13,2026-10-01,3,2372,https://huggingface.co/DahonoLabs/Dahono-4B
CH3NDev/Nool-Alpha-100M-Chat,CH3NDev,text-generation,,0.15,mit,,id en,2026-09-13,2026-10-01,0,231,https://huggingface.co/CH3NDev/Nool-Alpha-100M-Chat
salamanderDixon/LFM2.5-2.6B-heretic,salamanderDixon,text-generation,transformers,2.70,other,LiquidAI/LFM2.5-2.6B-Base,ar zh en fr de hi id it ja ko pl pt ru es th vi,2026-09-12,2026-10-01,0,460,https://huggingface.co/salamanderDixon/LFM2.5-2.6B-heretic
begawansemar7/Llama-Sahabat-AI-v2-70B-IT,begawansemar7,text-generation,transformers,70.55,llama3.1,,en id jv su ban,2026-09-12,2026-10-01,0,294,https://huggingface.co/begawansemar7/Llama-Sahabat-AI-v2-70B-IT
Musouno-Enma99/WRAI-X-0.8B-Qwen3,Musouno-Enma99,text-generation,c-native,,apache-2.0,Qwen/Qwen3-0.6B,en id,2026-09-12,2026-10-01,0,0,https://huggingface.co/Musouno-Enma99/WRAI-X-0.8B-Qwen3
Firmansyah-Ibrahim/idt5-v4-final-lora-s42-20260912T063343815032Z,Firmansyah-Ibrahim,,peft,,,,id,2026-09-12,2026-10-01,0,17,https://huggingface.co/Firmansyah-Ibrahim/idt5-v4-final-lora-s42-20260912T063343815032Z
Firmansyah-Ibrahim/idt5-v4-final-lora-s2026-20260912T034640190015Z,Firmansyah-Ibrahim,,peft,,,,id,2026-09-12,2026-10-01,0,13,https://huggingface.co/Firmansyah-Ibrahim/idt5-v4-final-lora-s2026-20260912T034640190015Z
Firmansyah-Ibrahim/idt5-v4-final-lora-s123-20260912T013040606815Z,Firmansyah-Ibrahim,,peft,,,,id,2026-09-12,2026-10-01,0,14,https://huggingface.co/Firmansyah-Ibrahim/idt5-v4-final-lora-s123-20260912T013040606815Z
alekringtonnn-ai/zubr-mini-1.8-3b,alekringtonnn-ai,text-generation,,,apache-2.0,mistralai/Ministral-3-3B-Instruct-2512-GGUF,ru be en es fr de nl ja it pl da ro el uk br ar fa tr bn id hi ne pa ta te zh,2026-09-10,2026-10-01,2,816,https://huggingface.co/alekringtonnn-ai/zubr-mini-1.8-3b
alekringtonnn-ai/zubr-medium-24b,alekringtonnn-ai,image-text-to-text,,,apache-2.0,,en ru be es fr de da ja it pl ro el uk br ar fa nl tr bn id hi ne pa ta te zh,2026-09-10,2026-10-01,1,337,https://huggingface.co/alekringtonnn-ai/zubr-medium-24b
aisingapore/Nemotron-SEA-LION-v4.8-30B-A3B-NVFP4,aisingapore,text-generation,transformers,16.66,mit,aisingapore/Nemotron-SEA-LION-v4.8-30B-A3B,en vi id th ta ms my,2026-09-10,2026-10-01,0,92,https://huggingface.co/aisingapore/Nemotron-SEA-LION-v4.8-30B-A3B-NVFP4
aisingapore/Nemotron-SEA-LION-v4.8-30B-A3B-FP8,aisingapore,text-generation,transformers,31.58,mit,aisingapore/Nemotron-SEA-LION-v4.8-30B-A3B,en vi id th ta ms my,2026-09-10,2026-10-01,0,49,https://huggingface.co/aisingapore/Nemotron-SEA-LION-v4.8-30B-A3B-FP8
aisingapore/Nemotron-SEA-LION-v4.8-120B-A12B-NVFP4,aisingapore,text-generation,transformers,64.30,mit,aisingapore/Nemotron-SEA-LION-v4.8-120B-A12B,en vi id th ta ms my,2026-09-10,2026-10-01,0,43,https://huggingface.co/aisingapore/Nemotron-SEA-LION-v4.8-120B-A12B-NVFP4
aisingapore/Nemotron-SEA-LION-v4.8-120B-A12B-FP8,aisingapore,text-generation,transformers,120.67,mit,aisingapore/Nemotron-SEA-LION-v4.8-120B-A12B,en vi id th ta ms my,2026-09-10,2026-10-01,0,82,https://huggingface.co/aisingapore/Nemotron-SEA-LION-v4.8-120B-A12B-FP8
AMAImedia/Tiny-Aya-3.3B-L2-Thinker-BF16-GGUF,AMAImedia,text-generation,transformers,3.35,cc-by-nc-4.0,CohereLabs/tiny-aya-l2-thinker,am ar eu bn bg ca zh cs en fi fr de el ha he hi hu ig id ga it ja jv km ko lt ms mt no fa pl pa ru sk sw ta te th tr uk ur vi yo zu,2026-09-10,2026-10-01,1,925,https://huggingface.co/AMAImedia/Tiny-Aya-3.3B-L2-Thinker-BF16-GGUF
AMAImedia/DeepSeek-V4.1-Flash-FP8-GGUF,AMAImedia,image-text-to-text,transformers,763.21,apache-2.0,deepseek-ai/DeepSeek-V4.1-Flash,en ru zh vi kk ja af am ar as az be bg bn bs ca cs cy da de el es et eu fa ff fi fr ga gl gn gu ha he hi hr hu hy id ig is it jv ka km kn ko ky lb lg ln lo lt lv mi mk ml mn mr ms mt my ne nl no ny oc om or pa pl ps pt ro rw sd sk sl sn so sr sv sw ta te tg th ti tk tr ug uk ur uz wo xh yo zu,2026-09-10,2026-10-01,1,21059,https://huggingface.co/AMAImedia/DeepSeek-V4.1-Flash-FP8-GGUF
0x795E2795/Obsidian-Alpha-26B-A4B-it-qat-q4_0,0x795E2795,text-generation,,,apache-2.0,google/gemma-4-26B-A4B,ko en zh ja fr de es it ru ar hi pt vi th id nl da pl tr,2026-09-10,2026-10-01,1,516,https://huggingface.co/0x795E2795/Obsidian-Alpha-26B-A4B-it-qat-q4_0
mradermacher/NOESIS-Qwopus3.5-9B-Translate-v3.5-BF16-i1-GGUF,mradermacher,gguf,transformers,,apache-2.0,AMAImedia/NOESIS-Qwopus3.5-9B-Translate-v3.5-BF16,en ru kk zh ja vi af am ar as az be bg bn bs ca cs cy da de el es et eu fa ff fi fr ga gl gn gu ha he hi hr hu hy id ig is it jv ka km kn ko ky lb lg ln lo lt lv mi mk ml mn mr ms mt my ne nl no ny oc om or pa pl ps pt ro rw sd sk sl sn so sr sv sw ta te tg th ti tk tr ug uk ur uz wo xh yo zu,2026-09-08,2026-10-01,1,7687,https://huggingface.co/mradermacher/NOESIS-Qwopus3.5-9B-Translate-v3.5-BF16-i1-GGUF
mradermacher/NOESIS-Qwopus3.5-9B-Translate-v3.5-BF16-GGUF,mradermacher,gguf,transformers,,apache-2.0,AMAImedia/NOESIS-Qwopus3.5-9B-Translate-v3.5-BF16,en ru kk zh ja vi af am ar as az be bg bn bs ca cs cy da de el es et eu fa ff fi fr ga gl gn gu ha he hi hr hu hy id ig is it jv ka km kn ko ky lb lg ln lo lt lv mi mk ml mn mr ms mt my ne nl no ny oc om or pa pl ps pt ro rw sd sk sl sn so sr sv sw ta te tg th ti tk tr ug uk ur uz wo xh yo zu,2026-09-08,2026-10-01,1,1870,https://huggingface.co/mradermacher/NOESIS-Qwopus3.5-9B-Translate-v3.5-BF16-GGUF
aisingapore/Nemotron-SEA-LION-v4.8-30B-A3B,aisingapore,text-generation,transformers,32.91,mit,aisingapore/Nemotron-SEA-LION-v4.8-30B-A3B-Base,en vi id th ta ms my,2026-09-08,2026-10-01,0,80,https://huggingface.co/aisingapore/Nemotron-SEA-LION-v4.8-30B-A3B
aisingapore/Nemotron-SEA-LION-v4.8-120B-A12B,aisingapore,text-generation,transformers,123.61,mit,aisingapore/Nemotron-SEA-LION-v4.8-120B-A12B-Base,en vi id th ta ms my,2026-09-08,2026-10-01,0,1658,https://huggingface.co/aisingapore/Nemotron-SEA-LION-v4.8-120B-A12B
NobodyWho/LFM2.5-2.6B-GGUF,NobodyWho,text-generation,gguf,,other,LiquidAI/LFM2.5-2.6B,ar zh en fr de hi id it ja ko pl pt ru es th vi,2026-09-08,2026-10-01,0,445,https://huggingface.co/NobodyWho/LFM2.5-2.6B-GGUF
Jokoboy/aksara-model,Jokoboy,text-generation,,,apache-2.0,,id en,2026-09-08,2026-10-01,0,0,https://huggingface.co/Jokoboy/aksara-model
CohereLabs/tiny-aya-base-32K,CohereLabs,text-generation,transformers,3.35,cc-by-nc-4.0,,am ar eu bn bg ca zh cs en fi fr de el ha he hi hu ig id ga it ja jv km ko lt ms mt no fa pl pa ru sk sw ta te th tr uk ur vi yo zu,2026-09-08,2026-10-01,4,9,https://huggingface.co/CohereLabs/tiny-aya-base-32K
AMAImedia/Qwen3.5-9B-NeoHorse1-Heretic-NOESIS-BF16-GGUF,AMAImedia,text-generation,transformers,8.95,apache-2.0,Qwen/Qwen3.5-9B,rl en ru zh vi kk ja af am ar as az be bg bn bs ca cs cy da de el es et eu fa ff fi fr ga gl gn gu ha he hi hr hu hy id ig is it jv ka km kn ko ky lb lg ln lo lt lv mi mk ml mn mr ms mt my ne nl no ny oc om or pa pl ps pt ro rw sd sk sl sn so sr sv sw ta te tg th ti tk tr ug uk ur uz wo xh yo zu,2026-09-08,2026-10-01,1,2545,https://huggingface.co/AMAImedia/Qwen3.5-9B-NeoHorse1-Heretic-NOESIS-BF16-GGUF
koloved/Qwen3.8-27B-Heretic-NVFP4-NInfer,koloved,,ninfer,,,,en ru de fr es it pt zh ja ko ar hi nl pl tr vi th id uk cs el he ro hu sv no da fi bg sr hr sk sl et lv lt ca gl eu af ms bn ta te ml kn mr gu pa ur fa sw am yo ig zu ha rw mg ne si my km lo ka hy az uz kk ky tg mn bo cy ga mt is mk sq bs me,2026-09-07,2026-10-01,1,581,https://huggingface.co/koloved/Qwen3.8-27B-Heretic-NVFP4-NInfer
gradients-io-tournaments/tournament-tourn_2ba0f79237bffcf7_20260907-1a0ce16d-2dd4-4d24-b7ba-a223c34067e7-5HBgDWKx,gradients-io-tournaments,text-generation,transformers,2.70,other,LiquidAI/LFM2.5-2.6B,ar zh en fr de hi id it ja ko pl pt ru es th vi,2026-09-07,2026-10-01,0,397,https://huggingface.co/gradients-io-tournaments/tournament-tourn_2ba0f79237bffcf7_20260907-1a0ce16d-2dd4-4d24-b7ba-a223c34067e7-5HBgDWKx
Veenn/zelm-118m-id,Veenn,text-generation,flax,,apache-2.0,,id,2026-09-07,2026-10-01,1,0,https://huggingface.co/Veenn/zelm-118m-id
Abu-Dju/aya-expanse-32b-Q4_K_M-GGUF,Abu-Dju,gguf,transformers,,cc-by-nc-4.0,CohereLabs/aya-expanse-32b,en fr de es it pt ja ko zh ar el fa pl id cs he hi nl ro ru tr uk vi,2026-09-07,2026-10-01,0,116,https://huggingface.co/Abu-Dju/aya-expanse-32b-Q4_K_M-GGUF
ojiwzrd/threew-qwen2.5-0.5b-lora,ojiwzrd,text-generation,,,apache-2.0,Qwen/Qwen2.5-0.5B-Instruct,id,2026-09-06,2026-10-01,0,193,https://huggingface.co/ojiwzrd/threew-qwen2.5-0.5b-lora
FreedomAISVR/Qwen3.6-35B-A3B-NVFP4-NoMTP-GGUF,FreedomAISVR,text-generation,,,,Qwen/Qwen3.6-35B-A3B,en zh de fr ja ko ar es pt ru it nl pl tr vi th id hi uk cs sv da fi no hu ro bg hr sk sl et lv lt el he fa ms bn ta te ur sw am yo ig zu af sq hy az eu be bs ca cy eo gl ka gu ha is ga jv kn kk km ky lo la mk mt mi mr mn ne my ps pa sr su tl tg tt tk uz wo xh yi,2026-09-05,2026-10-01,2,652,https://huggingface.co/FreedomAISVR/Qwen3.6-35B-A3B-NVFP4-NoMTP-GGUF
FreedomAISVR/Qwen3.6-35B-A3B-MXFP4-MOE-NoMTP-GGUF,FreedomAISVR,text-generation,,,,Qwen/Qwen3.6-35B-A3B,en zh de fr ja ko ar es pt ru it nl pl tr vi th id hi,2026-09-05,2026-10-01,0,568,https://huggingface.co/FreedomAISVR/Qwen3.6-35B-A3B-MXFP4-MOE-NoMTP-GGUF
num1notsvn/wicara-56m-base,num1notsvn,text-generation,transformers,0.07,apache-2.0,,id,2026-09-04,2026-10-01,0,250,https://huggingface.co/num1notsvn/wicara-56m-base
